condition_id,swap_variant,layer,logit_A,logit_B,delta_AB,rank_A,rank_B,j_score_A,j_score_B,j_delta_AB,j_rank_A,j_rank_B
sc1_orig,False,0,-271.0,-220.25,-50.75,262133,262128,,,,,
sc1_orig,False,1,-613.0,-1023.5,410.5,262131,262138,,,,,
sc1_orig,False,2,-591.5,-994.0,402.5,262131,262138,,,,,
sc1_orig,False,3,-528.0,-996.5,468.5,262131,262139,,,,,
sc1_orig,False,4,-518.5,-981.5,463.0,262131,262139,,,,,
sc1_orig,False,5,-374.0,-785.5,411.5,262133,262141,,,,,
sc1_orig,False,6,-280.75,-581.5,300.75,262132,262141,,,,,
sc1_orig,False,7,-209.0,-405.25,196.25,262131,262140,,,,,
sc1_orig,False,8,-225.375,-443.75,218.375,262131,262140,,,,,
sc1_orig,False,9,-171.25,-350.0,178.75,262129,262140,,,,,
sc1_orig,False,10,-140.875,-273.5,132.625,262127,262140,,,,,
sc1_orig,False,11,-121.9375,-221.0,99.0625,262129,262139,,,,,
sc1_orig,False,12,-158.125,-260.25,102.125,262128,262138,,,,,
sc1_orig,False,13,-157.25,-257.5,100.25,262128,262138,,,,,
sc1_orig,False,14,-157.75,-251.625,93.875,262129,262137,,,,,
sc1_orig,False,15,-135.625,-183.125,47.5,262130,262137,,,,,
sc1_orig,False,16,-127.9375,-161.0,33.0625,262130,262137,,,,,
sc1_orig,False,17,-114.0,-116.0,2.0,262133,262134,,,,,
sc1_orig,False,18,-112.1875,-115.1875,3.0,262133,262134,,,,,
sc1_orig,False,19,-109.25,-115.4375,6.1875,262133,262136,,,,,
sc1_orig,False,20,-96.4375,-98.25,1.8125,262133,262134,,,,,
sc1_orig,False,21,-93.3125,-97.4375,4.125,262131,262134,,,,,
sc1_orig,False,22,-95.375,-98.125,2.75,262133,262135,,,,,
sc1_orig,False,23,-92.875,-99.3125,6.4375,262134,262135,,,,,
sc1_orig,False,24,-95.5,-110.0,14.5,262133,262137,,,,,
sc1_orig,False,25,-92.875,-113.6875,20.8125,262133,262136,,,,,
sc1_orig,False,26,-88.4375,-107.75,19.3125,262134,262138,,,,,
sc1_orig,False,27,-68.6875,-82.0625,13.375,262133,262137,,,,,
sc1_orig,False,28,-83.0625,-95.5,12.4375,262135,262139,,,,,
sc1_orig,False,29,-52.8125,-37.96875,-14.84375,261979,256290,,,,,
sc1_orig,False,30,-45.21875,-25.03125,-20.1875,260172,159000,,,,,
sc1_orig,False,31,-30.8125,5.3671875,-36.1796875,206874,510,,,,,
sc1_orig,False,32,-23.15625,23.3125,-46.46875,108165,42,,,,,
sc1_orig,False,33,-16.421875,23.296875,-39.71875,39704,48,,,,,
sc1_orig,False,34,-16.921875,18.828125,-35.75,43153,88,,,,,
sc1_orig,False,35,-8.9453125,21.09375,-30.0390625,8640,58,,,,,
sc1_orig,False,36,-8.9453125,19.328125,-28.2734375,13595,72,,,,,
sc1_orig,False,37,-13.859375,6.73046875,-20.58984375,48176,348,,,,,
sc1_orig,False,38,-21.109375,-13.2265625,-7.8828125,180045,73633,,,,,
sc1_orig,False,39,-14.5546875,-26.609375,12.0546875,200228,259330,,,,,
sc1_orig,False,40,-5.6015625,-23.359375,17.7578125,114858,258957,,,,,
sc1_orig,False,41,1.6328125,5.82421875,-4.19140625,17167,4613,,,,,
sc1_orig,False,42,-3.1640625,8.03125,-11.1953125,36366,990,,,,,
sc1_orig,False,43,-9.84375,-4.47265625,-5.37109375,126582,48207,,,,,
sc1_orig,False,44,-12.7890625,-1.544921875,-11.244140625,190436,27701,,,,,
sc1_orig,False,45,-14.953125,4.75390625,-19.70703125,221587,3792,,,,,
sc1_orig,False,46,-12.0546875,4.04296875,-16.09765625,189473,5992,,,,,
sc1_orig,False,47,-8.5,-0.440673828125,-8.059326171875,135291,27706,,,,,
sc1_orig,False,48,-6.33203125,12.2265625,-18.55859375,90962,139,,,,,
sc1_orig,False,49,-2.453125,17.9375,-20.390625,38687,18,,,,,
sc1_orig,False,50,-2.220703125,13.765625,-15.986328125,35655,56,,,,,
sc1_orig,False,51,4.82421875,8.2890625,-3.46484375,3922,1008,,,,,
sc1_orig,False,52,-4.0,-10.6484375,6.6484375,78189,168679,,,,,
sc1_orig,False,53,0.418701171875,-32.5,32.918701171875,22358,262130,,,,,
sc1_orig,False,54,-6.16796875,-49.71875,43.55078125,109463,262143,,,,,
sc1_orig,False,55,-12.4296875,-55.03125,42.6015625,225546,262142,,,,,
sc1_orig,False,56,-25.15625,-129.0,103.84375,262058,262143,,,,,
sc1_orig,False,57,-38.09375,-200.125,162.03125,262142,262143,,,,,
sc1_orig,False,58,1.3271484375,-31.828125,33.1552734375,136825,262140,,,,,
sc1_orig,False,59,9.59375,49.28125,-39.6875,5,0,,,,,
sc1_swap,True,0,-269.25,-213.75,-55.5,262132,262126,,,,,
sc1_swap,True,1,-609.0,-1024.0,415.0,262131,262138,,,,,
sc1_swap,True,2,-587.5,-993.5,406.0,262131,262138,,,,,
sc1_swap,True,3,-524.5,-996.0,471.5,262131,262139,,,,,
sc1_swap,True,4,-515.0,-982.5,467.5,262131,262139,,,,,
sc1_swap,True,5,-371.0,-784.5,413.5,262133,262141,,,,,
sc1_swap,True,6,-279.25,-581.0,301.75,262132,262141,,,,,
sc1_swap,True,7,-206.0,-402.0,196.0,262131,262140,,,,,
sc1_swap,True,8,-222.0,-439.5,217.5,262131,262140,,,,,
sc1_swap,True,9,-168.5,-347.0,178.5,262128,262140,,,,,
sc1_swap,True,10,-138.125,-270.75,132.625,262127,262140,,,,,
sc1_swap,True,11,-120.1875,-220.125,99.9375,262129,262139,,,,,
sc1_swap,True,12,-156.5,-258.5,102.0,262128,262138,,,,,
sc1_swap,True,13,-155.625,-255.625,100.0,262128,262137,,,,,
sc1_swap,True,14,-156.125,-249.75,93.625,262129,262137,,,,,
sc1_swap,True,15,-134.375,-181.5,47.125,262130,262137,,,,,
sc1_swap,True,16,-126.75,-159.125,32.375,262130,262137,,,,,
sc1_swap,True,17,-113.125,-113.4375,0.3125,262133,262134,,,,,
sc1_swap,True,18,-111.8125,-113.375,1.5625,262133,262134,,,,,
sc1_swap,True,19,-109.0,-114.5625,5.5625,262133,262136,,,,,
sc1_swap,True,20,-96.0625,-97.5625,1.5,262133,262134,,,,,
sc1_swap,True,21,-92.1875,-96.4375,4.25,262131,262135,,,,,
sc1_swap,True,22,-94.375,-97.375,3.0,262133,262136,,,,,
sc1_swap,True,23,-91.9375,-98.6875,6.75,262134,262135,,,,,
sc1_swap,True,24,-94.5625,-109.625,15.0625,262133,262137,,,,,
sc1_swap,True,25,-91.75,-113.75,22.0,262133,262136,,,,,
sc1_swap,True,26,-86.875,-108.8125,21.9375,262134,262138,,,,,
sc1_swap,True,27,-66.875,-82.0625,15.1875,262133,262137,,,,,
sc1_swap,True,28,-82.5,-94.375,11.875,262135,262139,,,,,
sc1_swap,True,29,-53.09375,-35.59375,-17.5,261980,252226,,,,,
sc1_swap,True,30,-45.21875,-23.75,-21.46875,259987,143081,,,,,
sc1_swap,True,31,-30.125,6.9921875,-37.1171875,198346,380,,,,,
sc1_swap,True,32,-21.765625,27.09375,-48.859375,89626,34,,,,,
sc1_swap,True,33,-14.5390625,27.0,-41.5390625,27569,36,,,,,
sc1_swap,True,34,-15.78125,22.203125,-37.984375,34377,58,,,,,
sc1_swap,True,35,-9.328125,22.15625,-31.484375,9024,51,,,,,
sc1_swap,True,36,-8.0078125,20.375,-28.3828125,10624,62,,,,,
sc1_swap,True,37,-11.59375,11.0078125,-22.6015625,29901,167,,,,,
sc1_swap,True,38,-19.0625,-9.3203125,-9.7421875,154392,36044,,,,,
sc1_swap,True,39,-11.546875,-19.328125,7.78125,162804,235583,,,,,
sc1_swap,True,40,-1.1220703125,-15.890625,14.7685546875,61954,233300,,,,,
sc1_swap,True,41,7.8046875,16.890625,-9.0859375,2300,148,,,,,
sc1_swap,True,42,0.99169921875,15.6484375,-14.65673828125,10872,77,,,,,
sc1_swap,True,43,-6.78515625,-0.3193359375,-6.4658203125,79679,15312,,,,,
sc1_swap,True,44,-7.7265625,3.25,-10.9765625,105196,4839,,,,,
sc1_swap,True,45,-8.875,6.28125,-15.15625,133228,1647,,,,,
sc1_swap,True,46,-5.69921875,6.3515625,-12.05078125,86475,2026,,,,,
sc1_swap,True,47,-2.61328125,-1.724609375,-0.888671875,48117,38522,,,,,
sc1_swap,True,48,-2.37890625,4.90625,-7.28515625,39510,3388,,,,,
sc1_swap,True,49,2.328125,12.5078125,-10.1796875,8627,85,,,,,
sc1_swap,True,50,3.958984375,12.0859375,-8.126953125,4033,106,,,,,
sc1_swap,True,51,12.5703125,14.109375,-1.5390625,209,115,,,,,
sc1_swap,True,52,9.2109375,10.0625,-0.8515625,3508,2614,,,,,
sc1_swap,True,53,15.6484375,-6.28125,21.9296875,98,111852,,,,,
sc1_swap,True,54,9.1875,-30.140625,39.328125,2006,262134,,,,,
sc1_swap,True,55,-5.1875,-40.875,35.6875,165766,262142,,,,,
sc1_swap,True,56,-20.1875,-126.0,105.8125,261906,262143,,,,,
sc1_swap,True,57,-32.5625,-209.875,177.3125,262137,262143,,,,,
sc1_swap,True,58,13.078125,-28.109375,41.1875,12317,262132,,,,,
sc1_swap,True,59,20.078125,57.21875,-37.140625,1,0,,,,,
sc5_orig,False,0,-271.25,-220.875,-50.375,262133,262128,,,,,
sc5_orig,False,1,-612.5,-1023.0,410.5,262131,262138,,,,,
sc5_orig,False,2,-590.5,-993.0,402.5,262131,262138,,,,,
sc5_orig,False,3,-527.5,-995.5,468.0,262131,262139,,,,,
sc5_orig,False,4,-518.0,-981.0,463.0,262131,262139,,,,,
sc5_orig,False,5,-374.0,-785.5,411.5,262133,262141,,,,,
sc5_orig,False,6,-280.5,-581.5,301.0,262132,262141,,,,,
sc5_orig,False,7,-208.75,-404.75,196.0,262131,262140,,,,,
sc5_orig,False,8,-225.125,-443.0,217.875,262131,262140,,,,,
sc5_orig,False,9,-171.0,-349.5,178.5,262129,262140,,,,,
sc5_orig,False,10,-140.75,-273.25,132.5,262127,262140,,,,,
sc5_orig,False,11,-122.1875,-221.25,99.0625,262129,262139,,,,,
sc5_orig,False,12,-158.25,-260.0,101.75,262128,262138,,,,,
sc5_orig,False,13,-157.375,-257.0,99.625,262128,262138,,,,,
sc5_orig,False,14,-157.875,-251.125,93.25,262129,262137,,,,,
sc5_orig,False,15,-135.625,-182.875,47.25,262130,262137,,,,,
sc5_orig,False,16,-127.9375,-160.75,32.8125,262130,262137,,,,,
sc5_orig,False,17,-114.125,-115.8125,1.6875,262133,262134,,,,,
sc5_orig,False,18,-112.375,-115.1875,2.8125,262133,262134,,,,,
sc5_orig,False,19,-109.3125,-115.375,6.0625,262133,262136,,,,,
sc5_orig,False,20,-96.5625,-98.1875,1.625,262133,262134,,,,,
sc5_orig,False,21,-93.375,-97.3125,3.9375,262131,262134,,,,,
sc5_orig,False,22,-95.4375,-98.0625,2.625,262133,262135,,,,,
sc5_orig,False,23,-93.0625,-99.375,6.3125,262134,262135,,,,,
sc5_orig,False,24,-95.5625,-109.8125,14.25,262133,262137,,,,,
sc5_orig,False,25,-93.0,-113.625,20.625,262133,262136,,,,,
sc5_orig,False,26,-88.5625,-107.9375,19.375,262134,262138,,,,,
sc5_orig,False,27,-68.6875,-82.0,13.3125,262133,262137,,,,,
sc5_orig,False,28,-83.1875,-95.5,12.3125,262135,262139,,,,,
sc5_orig,False,29,-53.09375,-38.40625,-14.6875,261996,256855,,,,,
sc5_orig,False,30,-45.375,-25.828125,-19.546875,260296,167340,,,,,
sc5_orig,False,31,-30.953125,4.80078125,-35.75390625,208073,576,,,,,
sc5_orig,False,32,-22.953125,22.859375,-45.8125,106075,43,,,,,
sc5_orig,False,33,-16.0,23.25,-39.25,36762,47,,,,,
sc5_orig,False,34,-16.546875,19.171875,-35.71875,40205,85,,,,,
sc5_orig,False,35,-8.7578125,20.734375,-29.4921875,8145,62,,,,,
sc5_orig,False,36,-9.4609375,17.625,-27.0859375,15200,84,,,,,
sc5_orig,False,37,-14.9375,5.20703125,-20.14453125,58544,476,,,,,
sc5_orig,False,38,-21.171875,-11.7578125,-9.4140625,181222,57962,,,,,
sc5_orig,False,39,-14.1796875,-23.203125,9.0234375,202901,248968,,,,,
sc5_orig,False,40,-5.8359375,-18.234375,12.3984375,126827,241206,,,,,
sc5_orig,False,41,0.466064453125,6.40234375,-5.936279296875,27388,4763,,,,,
sc5_orig,False,42,-4.71875,9.1953125,-13.9140625,56190,812,,,,,
sc5_orig,False,43,-12.921875,-3.1640625,-9.7578125,178832,39241,,,,,
sc5_orig,False,44,-14.25,2.5390625,-16.7890625,209130,8628,,,,,
sc5_orig,False,45,-16.3125,7.3125,-23.625,232198,1652,,,,,
sc5_orig,False,46,-13.9765625,5.04296875,-19.01953125,212464,4860,,,,,
sc5_orig,False,47,-11.109375,1.18359375,-12.29296875,177211,18972,,,,,
sc5_orig,False,48,-8.7734375,14.0390625,-22.8125,134138,82,,,,,
sc5_orig,False,49,-2.1953125,26.96875,-29.1640625,39765,6,,,,,
sc5_orig,False,50,-3.869140625,16.90625,-20.775390625,56569,30,,,,,
sc5_orig,False,51,7.62109375,12.53125,-4.91015625,1686,236,,,,,
sc5_orig,False,52,2.46484375,-6.7109375,9.17578125,20802,113236,,,,,
sc5_orig,False,53,2.919921875,-32.96875,35.888671875,11484,262124,,,,,
sc5_orig,False,54,-5.5,-49.5625,44.0625,96593,262142,,,,,
sc5_orig,False,55,-9.6953125,-46.625,36.9296875,196496,262141,,,,,
sc5_orig,False,56,-22.53125,-118.9375,96.40625,261717,262143,,,,,
sc5_orig,False,57,-37.375,-175.875,138.5,262142,262143,,,,,
sc5_orig,False,58,-4.2109375,-29.71875,25.5078125,222099,262139,,,,,
sc5_orig,False,59,2.466796875,43.1875,-40.720703125,322,0,,,,,
sc5_swap,True,0,-269.0,-215.75,-53.25,262132,262126,,,,,
sc5_swap,True,1,-608.5,-1022.5,414.0,262131,262138,,,,,
sc5_swap,True,2,-587.0,-992.0,405.0,262131,262138,,,,,
sc5_swap,True,3,-524.0,-995.0,471.0,262131,262139,,,,,
sc5_swap,True,4,-515.0,-981.0,466.0,262131,262139,,,,,
sc5_swap,True,5,-370.75,-784.0,413.25,262133,262141,,,,,
sc5_swap,True,6,-279.25,-581.0,301.75,262132,262141,,,,,
sc5_swap,True,7,-205.875,-401.75,195.875,262131,262140,,,,,
sc5_swap,True,8,-221.875,-439.25,217.375,262131,262140,,,,,
sc5_swap,True,9,-168.375,-347.0,178.625,262128,262140,,,,,
sc5_swap,True,10,-138.0,-270.5,132.5,262127,262140,,,,,
sc5_swap,True,11,-120.0625,-219.75,99.6875,262129,262139,,,,,
sc5_swap,True,12,-156.375,-258.25,101.875,262128,262138,,,,,
sc5_swap,True,13,-155.625,-255.5,99.875,262128,262137,,,,,
sc5_swap,True,14,-156.125,-249.5,93.375,262129,262137,,,,,
sc5_swap,True,15,-134.375,-181.375,47.0,262130,262137,,,,,
sc5_swap,True,16,-126.6875,-159.0,32.3125,262130,262137,,,,,
sc5_swap,True,17,-113.0625,-113.375,0.3125,262133,262134,,,,,
sc5_swap,True,18,-111.75,-113.25,1.5,262133,262134,,,,,
sc5_swap,True,19,-109.0,-114.4375,5.4375,262133,262136,,,,,
sc5_swap,True,20,-96.0625,-97.5,1.4375,262133,262134,,,,,
sc5_swap,True,21,-92.25,-96.4375,4.1875,262131,262135,,,,,
sc5_swap,True,22,-94.375,-97.25,2.875,262133,262136,,,,,
sc5_swap,True,23,-92.125,-98.75,6.625,262134,262135,,,,,
sc5_swap,True,24,-94.75,-109.625,14.875,262133,262137,,,,,
sc5_swap,True,25,-91.9375,-113.75,21.8125,262133,262136,,,,,
sc5_swap,True,26,-86.9375,-108.8125,21.875,262134,262138,,,,,
sc5_swap,True,27,-66.8125,-81.625,14.8125,262133,262137,,,,,
sc5_swap,True,28,-82.6875,-94.5625,11.875,262135,262139,,,,,
sc5_swap,True,29,-53.40625,-36.0625,-17.34375,261998,253251,,,,,
sc5_swap,True,30,-45.65625,-24.609375,-21.046875,260278,152342,,,,,
sc5_swap,True,31,-30.609375,6.12890625,-36.73828125,203120,451,,,,,
sc5_swap,True,32,-22.15625,26.296875,-48.453125,94508,34,,,,,
sc5_swap,True,33,-15.0546875,26.015625,-41.0703125,30462,36,,,,,
sc5_swap,True,34,-16.328125,21.1875,-37.515625,37904,66,,,,,
sc5_swap,True,35,-9.5703125,20.59375,-30.1640625,9544,60,,,,,
sc5_swap,True,36,-8.4765625,18.53125,-27.0078125,12036,81,,,,,
sc5_swap,True,37,-11.53125,10.890625,-22.421875,29683,179,,,,,
sc5_swap,True,38,-18.765625,-8.2890625,-10.4765625,152430,30177,,,,,
sc5_swap,True,39,-9.828125,-16.25,6.421875,139758,215249,,,,,
sc5_swap,True,40,2.16015625,-15.265625,17.42578125,32148,229089,,,,,
sc5_swap,True,41,10.1953125,16.6875,-6.4921875,1022,158,,,,,
sc5_swap,True,42,3.302734375,10.765625,-7.462890625,4662,322,,,,,
sc5_swap,True,43,-8.0703125,-11.4921875,3.421875,104114,162559,,,,,
sc5_swap,True,44,-8.328125,-8.4765625,0.1484375,118785,121457,,,,,
sc5_swap,True,45,-7.75,-2.203125,-5.546875,119927,37396,,,,,
sc5_swap,True,46,-3.15625,3.779296875,-6.935546875,55310,6513,,,,,
sc5_swap,True,47,-1.236328125,8.7421875,-9.978515625,34350,797,,,,,
sc5_swap,True,48,1.388671875,17.5,-16.111328125,11982,18,,,,,
sc5_swap,True,49,4.00390625,20.828125,-16.82421875,5118,9,,,,,
sc5_swap,True,50,5.30859375,18.46875,-13.16015625,3003,13,,,,,
sc5_swap,True,51,14.953125,19.6875,-4.734375,84,17,,,,,
sc5_swap,True,52,7.390625,10.9765625,-3.5859375,13222,4192,,,,,
sc5_swap,True,53,19.484375,14.6484375,4.8359375,23,193,,,,,
sc5_swap,True,54,15.0625,4.1953125,10.8671875,173,14761,,,,,
sc5_swap,True,55,2.201171875,0.927734375,1.2734375,51843,69039,,,,,
sc5_swap,True,56,-8.9765625,-42.9375,33.9609375,239651,262141,,,,,
sc5_swap,True,57,-8.6875,-75.25,66.5625,229590,262143,,,,,
sc5_swap,True,58,35.90625,-2.6328125,38.5390625,11,177778,,,,,
sc5_swap,True,59,52.375,27.09375,25.28125,0,1,,,,,
sc10_orig,False,0,-270.25,-217.75,-52.5,262133,262127,,,,,
sc10_orig,False,1,-613.5,-1022.5,409.0,262131,262138,,,,,
sc10_orig,False,2,-591.5,-992.5,401.0,262131,262138,,,,,
sc10_orig,False,3,-528.0,-995.0,467.0,262131,262139,,,,,
sc10_orig,False,4,-518.5,-980.5,462.0,262131,262139,,,,,
sc10_orig,False,5,-373.5,-783.5,410.0,262133,262141,,,,,
sc10_orig,False,6,-280.25,-580.0,299.75,262132,262141,,,,,
sc10_orig,False,7,-208.875,-405.25,196.375,262131,262140,,,,,
sc10_orig,False,8,-224.375,-441.5,217.125,262131,262140,,,,,
sc10_orig,False,9,-170.5,-348.5,178.0,262129,262140,,,,,
sc10_orig,False,10,-140.125,-272.25,132.125,262127,262140,,,,,
sc10_orig,False,11,-121.625,-220.875,99.25,262129,262139,,,,,
sc10_orig,False,12,-157.875,-260.0,102.125,262128,262138,,,,,
sc10_orig,False,13,-157.0,-257.25,100.25,262129,262138,,,,,
sc10_orig,False,14,-157.5,-251.125,93.625,262129,262137,,,,,
sc10_orig,False,15,-135.375,-183.0,47.625,262130,262137,,,,,
sc10_orig,False,16,-127.8125,-160.75,32.9375,262130,262137,,,,,
sc10_orig,False,17,-114.0625,-115.75,1.6875,262133,262134,,,,,
sc10_orig,False,18,-112.375,-115.25,2.875,262133,262134,,,,,
sc10_orig,False,19,-109.125,-115.375,6.25,262133,262136,,,,,
sc10_orig,False,20,-96.3125,-98.125,1.8125,262133,262134,,,,,
sc10_orig,False,21,-93.125,-97.25,4.125,262131,262134,,,,,
sc10_orig,False,22,-95.3125,-98.0625,2.75,262133,262135,,,,,
sc10_orig,False,23,-92.75,-99.1875,6.4375,262134,262135,,,,,
sc10_orig,False,24,-95.375,-109.9375,14.5625,262133,262137,,,,,
sc10_orig,False,25,-92.9375,-113.5625,20.625,262133,262136,,,,,
sc10_orig,False,26,-88.3125,-107.75,19.4375,262134,262138,,,,,
sc10_orig,False,27,-68.5,-82.125,13.625,262133,262137,,,,,
sc10_orig,False,28,-83.1875,-95.5,12.3125,262135,262139,,,,,
sc10_orig,False,29,-53.09375,-38.46875,-14.625,261998,257004,,,,,
sc10_orig,False,30,-45.5,-26.0625,-19.4375,260381,169824,,,,,
sc10_orig,False,31,-31.0,4.796875,-35.796875,208585,575,,,,,
sc10_orig,False,32,-23.09375,22.71875,-45.8125,107496,44,,,,,
sc10_orig,False,33,-16.296875,22.96875,-39.265625,38477,49,,,,,
sc10_orig,False,34,-16.40625,19.1875,-35.59375,38960,84,,,,,
sc10_orig,False,35,-8.4765625,21.40625,-29.8828125,7518,56,,,,,
sc10_orig,False,36,-9.296875,18.890625,-28.1875,14504,72,,,,,
sc10_orig,False,37,-14.8046875,6.515625,-21.3203125,57052,356,,,,,
sc10_orig,False,38,-20.9375,-9.8984375,-11.0390625,179422,40792,,,,,
sc10_orig,False,39,-14.109375,-22.390625,8.28125,204116,247878,,,,,
sc10_orig,False,40,-6.21484375,-17.75,11.53515625,135102,240296,,,,,
sc10_orig,False,41,0.47412109375,6.33984375,-5.86572265625,29309,5382,,,,,
sc10_orig,False,42,-4.8125,9.65625,-14.46875,59259,730,,,,,
sc10_orig,False,43,-12.8984375,-2.248046875,-10.650390625,180095,32264,,,,,
sc10_orig,False,44,-14.2734375,2.87890625,-17.15234375,211200,8110,,,,,
sc10_orig,False,45,-16.453125,7.35546875,-23.80859375,234128,1688,,,,,
sc10_orig,False,46,-14.203125,4.9296875,-19.1328125,215857,5292,,,,,
sc10_orig,False,47,-11.5703125,1.740234375,-13.310546875,185235,16496,,,,,
sc10_orig,False,48,-9.0859375,14.5,-23.5859375,140472,71,,,,,
sc10_orig,False,49,-2.0078125,28.453125,-30.4609375,38186,6,,,,,
sc10_orig,False,50,-3.330078125,17.15625,-20.486328125,51327,30,,,,,
sc10_orig,False,51,7.7890625,13.03125,-5.2421875,1662,200,,,,,
sc10_orig,False,52,1.7958984375,-9.3984375,11.1943359375,25738,152973,,,,,
sc10_orig,False,53,1.9775390625,-35.1875,37.1650390625,16460,262138,,,,,
sc10_orig,False,54,-7.09765625,-52.40625,45.30859375,123705,262142,,,,,
sc10_orig,False,55,-10.0390625,-47.59375,37.5546875,202275,262141,,,,,
sc10_orig,False,56,-22.53125,-118.625,96.09375,261725,262143,,,,,
sc10_orig,False,57,-37.8125,-174.125,136.3125,262142,262143,,,,,
sc10_orig,False,58,-5.01953125,-28.546875,23.52734375,230074,262136,,,,,
sc10_orig,False,59,2.0625,42.71875,-40.65625,522,0,,,,,
sc10_swap,True,0,-265.5,-214.875,-50.625,262133,262126,,,,,
sc10_swap,True,1,-608.5,-1025.0,416.5,262131,262138,,,,,
sc10_swap,True,2,-587.0,-994.0,407.0,262131,262138,,,,,
sc10_swap,True,3,-524.0,-996.5,472.5,262131,262139,,,,,
sc10_swap,True,4,-514.5,-982.5,468.0,262131,262139,,,,,
sc10_swap,True,5,-370.25,-784.0,413.75,262133,262141,,,,,
sc10_swap,True,6,-278.25,-580.5,302.25,262132,262141,,,,,
sc10_swap,True,7,-205.5,-402.0,196.5,262131,262140,,,,,
sc10_swap,True,8,-220.625,-438.0,217.375,262131,262140,,,,,
sc10_swap,True,9,-167.375,-345.75,178.375,262128,262140,,,,,
sc10_swap,True,10,-137.125,-269.5,132.375,262127,262140,,,,,
sc10_swap,True,11,-119.5625,-219.625,100.0625,262129,262139,,,,,
sc10_swap,True,12,-155.875,-258.25,102.375,262128,262138,,,,,
sc10_swap,True,13,-154.875,-255.125,100.25,262129,262138,,,,,
sc10_swap,True,14,-155.5,-249.25,93.75,262129,262137,,,,,
sc10_swap,True,15,-133.875,-181.125,47.25,262130,262137,,,,,
sc10_swap,True,16,-126.1875,-158.375,32.1875,262130,262137,,,,,
sc10_swap,True,17,-112.6875,-112.9375,0.25,262133,262134,,,,,
sc10_swap,True,18,-111.3125,-112.6875,1.375,262133,262134,,,,,
sc10_swap,True,19,-108.4375,-113.8125,5.375,262133,262136,,,,,
sc10_swap,True,20,-95.6875,-97.0625,1.375,262133,262134,,,,,
sc10_swap,True,21,-91.875,-96.125,4.25,262131,262135,,,,,
sc10_swap,True,22,-94.0625,-97.125,3.0625,262133,262136,,,,,
sc10_swap,True,23,-91.875,-98.6875,6.8125,262134,262135,,,,,
sc10_swap,True,24,-94.6875,-109.875,15.1875,262133,262137,,,,,
sc10_swap,True,25,-92.0625,-114.0625,22.0,262133,262136,,,,,
sc10_swap,True,26,-87.0625,-109.1875,22.125,262134,262138,,,,,
sc10_swap,True,27,-66.8125,-81.6875,14.875,262133,262137,,,,,
sc10_swap,True,28,-83.0,-95.0,12.0,262135,262139,,,,,
sc10_swap,True,29,-53.59375,-36.96875,-16.625,262007,254841,,,,,
sc10_swap,True,30,-45.96875,-25.578125,-20.390625,260437,162729,,,,,
sc10_swap,True,31,-30.421875,5.93359375,-36.35546875,201370,469,,,,,
sc10_swap,True,32,-22.109375,26.046875,-48.15625,94049,35,,,,,
sc10_swap,True,33,-15.140625,26.046875,-41.1875,31122,37,,,,,
sc10_swap,True,34,-16.078125,21.421875,-37.5,36332,65,,,,,
sc10_swap,True,35,-9.4765625,20.546875,-30.0234375,9338,64,,,,,
sc10_swap,True,36,-8.4453125,18.71875,-27.1640625,11821,80,,,,,
sc10_swap,True,37,-11.8984375,10.2734375,-22.171875,31647,192,,,,,
sc10_swap,True,38,-18.15625,-6.73828125,-11.41796875,143113,20756,,,,,
sc10_swap,True,39,-8.28125,-13.203125,4.921875,116324,183000,,,,,
sc10_swap,True,40,2.390625,-13.75,16.140625,29799,218889,,,,,
sc10_swap,True,41,10.0234375,16.625,-6.6015625,1039,151,,,,,
sc10_swap,True,42,3.208984375,11.921875,-8.712890625,4689,212,,,,,
sc10_swap,True,43,-6.54296875,-6.53125,-0.01171875,76050,75879,,,,,
sc10_swap,True,44,-7.49609375,-5.3203125,-2.17578125,101995,67188,,,,,
sc10_swap,True,45,-7.4296875,1.435546875,-8.865234375,110627,11303,,,,,
sc10_swap,True,46,-2.736328125,8.3046875,-11.041015625,47040,922,,,,,
sc10_swap,True,47,-1.30859375,12.59375,-13.90234375,33682,154,,,,,
sc10_swap,True,48,2.0234375,19.265625,-17.2421875,9269,10,,,,,
sc10_swap,True,49,3.33203125,23.296875,-19.96484375,5355,6,,,,,
sc10_swap,True,50,4.453125,21.34375,-16.890625,3605,11,,,,,
sc10_swap,True,51,15.2265625,20.0,-4.7734375,63,16,,,,,
sc10_swap,True,52,7.6875,15.828125,-8.140625,7534,349,,,,,
sc10_swap,True,53,17.734375,15.90625,1.828125,36,74,,,,,
sc10_swap,True,54,16.328125,15.5625,0.765625,81,118,,,,,
sc10_swap,True,55,3.7578125,7.01171875,-3.25390625,26417,9116,,,,,
sc10_swap,True,56,-7.0703125,-32.53125,25.4609375,204426,262137,,,,,
sc10_swap,True,57,-2.7109375,-45.96875,43.2578125,159326,262141,,,,,
sc10_swap,True,58,37.28125,0.1571044921875,37.1241455078125,10,136283,,,,,
sc10_swap,True,59,53.28125,18.0,35.28125,0,1,,,,,
sc20_orig,False,0,-270.25,-218.125,-52.125,262133,262127,,,,,
sc20_orig,False,1,-613.5,-1023.0,409.5,262131,262138,,,,,
sc20_orig,False,2,-591.0,-992.5,401.5,262131,262138,,,,,
sc20_orig,False,3,-527.5,-994.5,467.0,262131,262139,,,,,
sc20_orig,False,4,-518.5,-980.5,462.0,262131,262139,,,,,
sc20_orig,False,5,-373.5,-783.5,410.0,262133,262141,,,,,
sc20_orig,False,6,-280.0,-580.5,300.5,262132,262141,,,,,
sc20_orig,False,7,-208.875,-405.5,196.625,262131,262140,,,,,
sc20_orig,False,8,-224.375,-441.75,217.375,262131,262140,,,,,
sc20_orig,False,9,-170.5,-348.75,178.25,262129,262140,,,,,
sc20_orig,False,10,-140.125,-272.5,132.375,262127,262140,,,,,
sc20_orig,False,11,-121.75,-221.0,99.25,262129,262139,,,,,
sc20_orig,False,12,-158.0,-260.25,102.25,262128,262138,,,,,
sc20_orig,False,13,-157.125,-257.5,100.375,262129,262138,,,,,
sc20_orig,False,14,-157.625,-251.375,93.75,262129,262137,,,,,
sc20_orig,False,15,-135.375,-183.125,47.75,262130,262137,,,,,
sc20_orig,False,16,-127.8125,-160.875,33.0625,262130,262137,,,,,
sc20_orig,False,17,-114.125,-115.9375,1.8125,262133,262134,,,,,
sc20_orig,False,18,-112.4375,-115.4375,3.0,262133,262134,,,,,
sc20_orig,False,19,-109.1875,-115.5625,6.375,262133,262136,,,,,
sc20_orig,False,20,-96.375,-98.375,2.0,262133,262134,,,,,
sc20_orig,False,21,-93.1875,-97.5625,4.375,262131,262134,,,,,
sc20_orig,False,22,-95.5,-98.4375,2.9375,262133,262135,,,,,
sc20_orig,False,23,-92.8125,-99.125,6.3125,262134,262135,,,,,
sc20_orig,False,24,-95.5625,-110.0625,14.5,262133,262137,,,,,
sc20_orig,False,25,-93.125,-113.9375,20.8125,262133,262136,,,,,
sc20_orig,False,26,-88.3125,-107.875,19.5625,262134,262138,,,,,
sc20_orig,False,27,-68.375,-82.375,14.0,262133,262137,,,,,
sc20_orig,False,28,-83.375,-95.6875,12.3125,262135,262139,,,,,
sc20_orig,False,29,-53.1875,-38.65625,-14.53125,262002,257289,,,,,
sc20_orig,False,30,-45.75,-26.59375,-19.15625,260486,174788,,,,,
sc20_orig,False,31,-31.296875,4.3671875,-35.6640625,211050,631,,,,,
sc20_orig,False,32,-23.21875,22.703125,-45.921875,108830,45,,,,,
sc20_orig,False,33,-16.859375,22.46875,-39.328125,42826,54,,,,,
sc20_orig,False,34,-16.90625,18.4375,-35.34375,43182,89,,,,,
sc20_orig,False,35,-9.0390625,21.109375,-30.1484375,8720,57,,,,,
sc20_orig,False,36,-9.9375,18.359375,-28.296875,17070,80,,,,,
sc20_orig,False,37,-15.9375,5.3203125,-21.2578125,70412,472,,,,,
sc20_orig,False,38,-21.171875,-9.4765625,-11.6953125,183404,38071,,,,,
sc20_orig,False,39,-14.3359375,-21.09375,6.7578125,210746,246139,,,,,
sc20_orig,False,40,-6.09765625,-15.8984375,9.80078125,140133,234189,,,,,
sc20_orig,False,41,-0.056915283203125,5.89453125,-5.951446533203125,36398,7057,,,,,
sc20_orig,False,42,-5.359375,9.859375,-15.21875,68156,734,,,,,
sc20_orig,False,43,-13.515625,-1.935546875,-11.580078125,189568,30545,,,,,
sc20_orig,False,44,-14.15625,4.2421875,-18.3984375,209720,4970,,,,,
sc20_orig,False,45,-16.46875,7.33984375,-23.80859375,234030,1719,,,,,
sc20_orig,False,46,-14.578125,4.0625,-18.640625,219847,7506,,,,,
sc20_orig,False,47,-12.6015625,0.33154296875,-12.93310546875,199771,25735,,,,,
sc20_orig,False,48,-10.203125,12.515625,-22.71875,161003,156,,,,,
sc20_orig,False,49,-2.9140625,28.46875,-31.3828125,48971,6,,,,,
sc20_orig,False,50,-3.841796875,17.375,-21.216796875,58775,28,,,,,
sc20_orig,False,51,7.734375,16.3125,-8.578125,1674,64,,,,,
sc20_orig,False,52,2.22265625,-3.740234375,5.962890625,23272,77343,,,,,
sc20_orig,False,53,2.421875,-31.1875,33.609375,14495,262087,,,,,
sc20_orig,False,54,-6.66796875,-49.25,42.58203125,119207,262142,,,,,
sc20_orig,False,55,-9.65625,-45.28125,35.625,199707,262141,,,,,
sc20_orig,False,56,-21.484375,-116.5625,95.078125,261509,262143,,,,,
sc20_orig,False,57,-36.59375,-169.75,133.15625,262141,262143,,,,,
sc20_orig,False,58,-5.21484375,-27.5625,22.34765625,230974,262137,,,,,
sc20_orig,False,59,1.35546875,41.8125,-40.45703125,705,0,,,,,
sc20_swap,True,0,-265.5,-216.5,-49.0,262133,262127,,,,,
sc20_swap,True,1,-609.0,-1025.0,416.0,262131,262138,,,,,
sc20_swap,True,2,-587.0,-993.5,406.5,262131,262138,,,,,
sc20_swap,True,3,-524.0,-995.5,471.5,262131,262139,,,,,
sc20_swap,True,4,-514.5,-982.5,468.0,262131,262139,,,,,
sc20_swap,True,5,-370.25,-783.5,413.25,262133,262141,,,,,
sc20_swap,True,6,-278.25,-580.0,301.75,262132,262141,,,,,
sc20_swap,True,7,-205.375,-401.75,196.375,262131,262140,,,,,
sc20_swap,True,8,-220.375,-437.0,216.625,262131,262140,,,,,
sc20_swap,True,9,-167.125,-345.0,177.875,262128,262140,,,,,
sc20_swap,True,10,-136.875,-268.75,131.875,262127,262140,,,,,
sc20_swap,True,11,-119.625,-219.375,99.75,262129,262139,,,,,
sc20_swap,True,12,-155.625,-257.75,102.125,262128,262138,,,,,
sc20_swap,True,13,-154.75,-254.75,100.0,262129,262138,,,,,
sc20_swap,True,14,-155.25,-248.875,93.625,262130,262137,,,,,
sc20_swap,True,15,-133.625,-180.875,47.25,262130,262137,,,,,
sc20_swap,True,16,-125.9375,-158.0,32.0625,262130,262137,,,,,
sc20_swap,True,17,-112.5625,-112.75,0.1875,262133,262134,,,,,
sc20_swap,True,18,-111.125,-112.4375,1.3125,262133,262134,,,,,
sc20_swap,True,19,-108.1875,-113.5625,5.375,262133,262136,,,,,
sc20_swap,True,20,-95.4375,-96.75,1.3125,262133,262134,,,,,
sc20_swap,True,21,-91.6875,-95.8125,4.125,262131,262135,,,,,
sc20_swap,True,22,-93.9375,-97.0,3.0625,262133,262136,,,,,
sc20_swap,True,23,-91.75,-98.5,6.75,262134,262135,,,,,
sc20_swap,True,24,-94.5625,-109.875,15.3125,262133,262137,,,,,
sc20_swap,True,25,-91.75,-113.8125,22.0625,262133,262136,,,,,
sc20_swap,True,26,-86.875,-109.125,22.25,262134,262138,,,,,
sc20_swap,True,27,-66.3125,-81.125,14.8125,262133,262137,,,,,
sc20_swap,True,28,-82.6875,-94.5625,11.875,262135,262139,,,,,
sc20_swap,True,29,-53.5,-37.46875,-16.03125,262002,255603,,,,,
sc20_swap,True,30,-45.90625,-25.765625,-20.140625,260435,164778,,,,,
sc20_swap,True,31,-30.703125,5.3046875,-36.0078125,204056,538,,,,,
sc20_swap,True,32,-22.109375,25.6875,-47.796875,93787,36,,,,,
sc20_swap,True,33,-15.421875,25.578125,-41.0,32713,38,,,,,
sc20_swap,True,34,-16.140625,20.96875,-37.109375,36675,67,,,,,
sc20_swap,True,35,-9.265625,20.21875,-29.484375,8863,66,,,,,
sc20_swap,True,36,-8.5703125,18.703125,-27.2734375,12121,81,,,,,
sc20_swap,True,37,-13.4453125,8.578125,-22.0234375,43784,260,,,,,
sc20_swap,True,38,-18.34375,-6.57421875,-11.76953125,145290,19686,,,,,
sc20_swap,True,39,-8.0,-12.609375,4.609375,119792,182195,,,,,
sc20_swap,True,40,0.82275390625,-12.8203125,13.64306640625,45447,214120,,,,,
sc20_swap,True,41,6.4375,11.7734375,-5.3359375,4246,727,,,,,
sc20_swap,True,42,0.4443359375,10.859375,-10.4150390625,12972,364,,,,,
sc20_swap,True,43,-8.8671875,-5.9921875,-2.875,114558,69779,,,,,
sc20_swap,True,44,-10.703125,-5.9296875,-4.7734375,161887,80600,,,,,
sc20_swap,True,45,-11.3046875,3.46875,-14.7734375,180296,6075,,,,,
sc20_swap,True,46,-6.16015625,9.015625,-15.17578125,98689,792,,,,,
sc20_swap,True,47,-5.05078125,10.7890625,-15.83984375,81459,402,,,,,
sc20_swap,True,48,0.01515960693359375,19.4375,-19.422340393066406,19571,14,,,,,
sc20_swap,True,49,0.1536865234375,23.703125,-23.5494384765625,16412,7,,,,,
sc20_swap,True,50,1.375,20.90625,-19.53125,10858,15,,,,,
sc20_swap,True,51,11.78125,22.59375,-10.8125,236,14,,,,,
sc20_swap,True,52,4.6171875,18.09375,-13.4765625,14716,115,,,,,
sc20_swap,True,53,13.2890625,18.671875,-5.3828125,195,33,,,,,
sc20_swap,True,54,11.2109375,21.421875,-10.2109375,481,19,,,,,
sc20_swap,True,55,2.814453125,14.15625,-11.341796875,28366,387,,,,,
sc20_swap,True,56,-7.625,-19.5625,11.9375,202413,261078,,,,,
sc20_swap,True,57,-1.2275390625,-22.921875,21.6943359375,134428,261817,,,,,
sc20_swap,True,58,39.25,13.5078125,25.7421875,10,8569,,,,,
sc20_swap,True,59,44.5,9.0390625,35.4609375,0,11,,,,,
sc30_orig,False,0,-270.25,-217.875,-52.375,262133,262127,,,,,
sc30_orig,False,1,-613.5,-1023.0,409.5,262131,262138,,,,,
sc30_orig,False,2,-591.0,-992.5,401.5,262131,262138,,,,,
sc30_orig,False,3,-527.5,-995.0,467.5,262131,262139,,,,,
sc30_orig,False,4,-518.0,-980.0,462.0,262131,262139,,,,,
sc30_orig,False,5,-373.25,-783.5,410.25,262133,262141,,,,,
sc30_orig,False,6,-280.25,-580.5,300.25,262132,262141,,,,,
sc30_orig,False,7,-208.625,-405.0,196.375,262131,262140,,,,,
sc30_orig,False,8,-224.375,-442.0,217.625,262131,262140,,,,,
sc30_orig,False,9,-170.5,-349.0,178.5,262129,262140,,,,,
sc30_orig,False,10,-140.125,-272.5,132.375,262127,262140,,,,,
sc30_orig,False,11,-121.6875,-221.125,99.4375,262129,262139,,,,,
sc30_orig,False,12,-158.0,-260.5,102.5,262128,262138,,,,,
sc30_orig,False,13,-157.125,-257.75,100.625,262129,262138,,,,,
sc30_orig,False,14,-157.625,-251.5,93.875,262129,262137,,,,,
sc30_orig,False,15,-135.5,-183.125,47.625,262130,262137,,,,,
sc30_orig,False,16,-127.875,-160.875,33.0,262130,262137,,,,,
sc30_orig,False,17,-114.125,-115.875,1.75,262133,262134,,,,,
sc30_orig,False,18,-112.375,-115.375,3.0,262133,262134,,,,,
sc30_orig,False,19,-109.25,-115.625,6.375,262133,262136,,,,,
sc30_orig,False,20,-96.375,-98.375,2.0,262133,262134,,,,,
sc30_orig,False,21,-93.1875,-97.5625,4.375,262131,262134,,,,,
sc30_orig,False,22,-95.375,-98.4375,3.0625,262133,262135,,,,,
sc30_orig,False,23,-92.8125,-99.25,6.4375,262134,262135,,,,,
sc30_orig,False,24,-95.4375,-109.875,14.4375,262133,262137,,,,,
sc30_orig,False,25,-92.9375,-113.5,20.5625,262133,262136,,,,,
sc30_orig,False,26,-88.125,-107.4375,19.3125,262134,262138,,,,,
sc30_orig,False,27,-68.25,-81.5,13.25,262133,262137,,,,,
sc30_orig,False,28,-83.5,-95.9375,12.4375,262135,262139,,,,,
sc30_orig,False,29,-53.5625,-39.0625,-14.5,262010,257721,,,,,
sc30_orig,False,30,-46.15625,-27.28125,-18.875,260687,181396,,,,,
sc30_orig,False,31,-31.5,4.0859375,-35.5859375,212764,676,,,,,
sc30_orig,False,32,-23.390625,22.171875,-45.5625,111637,46,,,,,
sc30_orig,False,33,-16.765625,22.21875,-38.984375,42465,53,,,,,
sc30_orig,False,34,-16.71875,18.578125,-35.296875,42115,89,,,,,
sc30_orig,False,35,-8.5078125,21.609375,-30.1171875,7617,56,,,,,
sc30_orig,False,36,-9.984375,18.53125,-28.515625,16902,75,,,,,
sc30_orig,False,37,-16.359375,4.75390625,-21.11328125,74658,528,,,,,
sc30_orig,False,38,-21.234375,-8.4609375,-12.7734375,184693,30827,,,,,
sc30_orig,False,39,-15.75,-22.484375,6.734375,223940,249440,,,,,
sc30_orig,False,40,-6.96484375,-16.640625,9.67578125,159614,239338,,,,,
sc30_orig,False,41,-1.05078125,3.732421875,-4.783203125,49944,15666,,,,,
sc30_orig,False,42,-6.29296875,8.328125,-14.62109375,84863,1428,,,,,
sc30_orig,False,43,-14.9453125,-2.66796875,-12.27734375,208881,39916,,,,,
sc30_orig,False,44,-14.6328125,5.4765625,-20.109375,215228,3413,,,,,
sc30_orig,False,45,-16.875,6.56640625,-23.44140625,236295,2593,,,,,
sc30_orig,False,46,-15.3046875,3.203125,-18.5078125,225759,10717,,,,,
sc30_orig,False,47,-13.4296875,0.306884765625,-13.736572265625,208849,26486,,,,,
sc30_orig,False,48,-11.375,11.078125,-22.453125,179214,342,,,,,
sc30_orig,False,49,-3.05078125,30.390625,-33.44140625,50676,6,,,,,
sc30_orig,False,50,-3.94921875,20.140625,-24.08984375,59429,21,,,,,
sc30_orig,False,51,7.14453125,15.859375,-8.71484375,2436,72,,,,,
sc30_orig,False,52,2.908203125,-6.29296875,9.201171875,21401,113992,,,,,
sc30_orig,False,53,2.298828125,-33.0,35.298828125,16116,262116,,,,,
sc30_orig,False,54,-6.73046875,-52.53125,45.80078125,118847,262142,,,,,
sc30_orig,False,55,-9.3671875,-46.09375,36.7265625,197225,262141,,,,,
sc30_orig,False,56,-21.65625,-113.9375,92.28125,261529,262143,,,,,
sc30_orig,False,57,-37.625,-166.25,128.625,262142,262143,,,,,
sc30_orig,False,58,-7.19921875,-26.6875,19.48828125,243940,262135,,,,,
sc30_orig,False,59,-0.474609375,40.25,-40.724609375,4546,0,,,,,
sc30_swap,True,0,-265.75,-216.5,-49.25,262133,262127,,,,,
sc30_swap,True,1,-608.5,-1025.0,416.5,262131,262138,,,,,
sc30_swap,True,2,-587.0,-993.5,406.5,262131,262138,,,,,
sc30_swap,True,3,-524.0,-996.5,472.5,262131,262139,,,,,
sc30_swap,True,4,-515.0,-983.0,468.0,262131,262139,,,,,
sc30_swap,True,5,-370.25,-784.5,414.25,262133,262141,,,,,
sc30_swap,True,6,-278.25,-580.5,302.25,262132,262141,,,,,
sc30_swap,True,7,-205.25,-401.5,196.25,262131,262140,,,,,
sc30_swap,True,8,-220.5,-437.5,217.0,262131,262140,,,,,
sc30_swap,True,9,-167.25,-345.5,178.25,262128,262140,,,,,
sc30_swap,True,10,-136.875,-269.25,132.375,262127,262140,,,,,
sc30_swap,True,11,-119.625,-219.625,100.0,262129,262139,,,,,
sc30_swap,True,12,-155.75,-257.75,102.0,262128,262138,,,,,
sc30_swap,True,13,-154.875,-255.0,100.125,262129,262138,,,,,
sc30_swap,True,14,-155.375,-249.125,93.75,262130,262137,,,,,
sc30_swap,True,15,-133.875,-181.125,47.25,262130,262137,,,,,
sc30_swap,True,16,-126.0625,-158.375,32.3125,262130,262137,,,,,
sc30_swap,True,17,-112.625,-112.875,0.25,262133,262134,,,,,
sc30_swap,True,18,-111.1875,-112.625,1.4375,262133,262134,,,,,
sc30_swap,True,19,-108.3125,-113.75,5.4375,262133,262136,,,,,
sc30_swap,True,20,-95.625,-97.0625,1.4375,262133,262134,,,,,
sc30_swap,True,21,-91.8125,-96.0,4.1875,262131,262135,,,,,
sc30_swap,True,22,-93.9375,-97.0625,3.125,262133,262136,,,,,
sc30_swap,True,23,-91.8125,-98.625,6.8125,262134,262135,,,,,
sc30_swap,True,24,-94.625,-109.75,15.125,262133,262137,,,,,
sc30_swap,True,25,-91.9375,-113.8125,21.875,262133,262136,,,,,
sc30_swap,True,26,-87.125,-109.125,22.0,262134,262138,,,,,
sc30_swap,True,27,-66.625,-81.25,14.625,262133,262137,,,,,
sc30_swap,True,28,-83.375,-95.6875,12.3125,262135,262139,,,,,
sc30_swap,True,29,-54.0,-38.3125,-15.6875,262022,256667,,,,,
sc30_swap,True,30,-46.4375,-26.8125,-19.625,260625,174509,,,,,
sc30_swap,True,31,-30.921875,5.0078125,-35.9296875,205695,572,,,,,
sc30_swap,True,32,-22.3125,25.46875,-47.78125,96072,36,,,,,
sc30_swap,True,33,-15.96875,24.9375,-40.90625,36637,39,,,,,
sc30_swap,True,34,-16.40625,20.734375,-37.140625,38941,69,,,,,
sc30_swap,True,35,-9.15625,20.359375,-29.515625,8733,65,,,,,
sc30_swap,True,36,-8.796875,18.828125,-27.625,12645,77,,,,,
sc30_swap,True,37,-14.3203125,7.13671875,-21.45703125,52021,315,,,,,
sc30_swap,True,38,-19.015625,-6.7890625,-12.2265625,156065,21044,,,,,
sc30_swap,True,39,-8.65625,-12.2578125,3.6015625,132752,180956,,,,,
sc30_swap,True,40,-1.0322265625,-12.875,11.8427734375,68748,215924,,,,,
sc30_swap,True,41,3.88671875,8.421875,-4.53515625,11187,2594,,,,,
sc30_swap,True,42,-2.228515625,9.65625,-11.884765625,31191,614,,,,,
sc30_swap,True,43,-10.8515625,-4.41015625,-6.44140625,150160,51691,,,,,
sc30_swap,True,44,-12.3046875,-2.8125,-9.4921875,189436,42719,,,,,
sc30_swap,True,45,-12.8984375,7.76171875,-20.66015625,203737,1233,,,,,
sc30_swap,True,46,-8.15625,12.46875,-20.625,135412,234,,,,,
sc30_swap,True,47,-8.203125,11.359375,-19.5625,135699,386,,,,,
sc30_swap,True,48,-2.03515625,21.734375,-23.76953125,37504,10,,,,,
sc30_swap,True,49,-1.9072265625,24.625,-26.5322265625,31517,8,,,,,
sc30_swap,True,50,-0.0233612060546875,21.140625,-21.163986206054688,16971,16,,,,,
sc30_swap,True,51,8.84375,22.1875,-13.34375,691,14,,,,,
sc30_swap,True,52,3.18359375,17.71875,-14.53515625,17558,112,,,,,
sc30_swap,True,53,10.046875,15.0625,-5.015625,662,108,,,,,
sc30_swap,True,54,7.16015625,17.890625,-10.73046875,2327,61,,,,,
sc30_swap,True,55,0.56640625,14.734375,-14.16796875,46120,329,,,,,
sc30_swap,True,56,-9.6328125,-15.2109375,5.578125,225110,254883,,,,,
sc30_swap,True,57,-3.36328125,-17.953125,14.58984375,174371,260127,,,,,
sc30_swap,True,58,38.4375,16.359375,22.078125,11,3700,,,,,
sc30_swap,True,59,38.875,5.7578125,33.1171875,0,45,,,,,
sc40_orig,False,0,-270.25,-218.0,-52.25,262133,262127,,,,,
sc40_orig,False,1,-613.0,-1023.0,410.0,262131,262138,,,,,
sc40_orig,False,2,-591.0,-992.5,401.5,262131,262138,,,,,
sc40_orig,False,3,-527.5,-994.5,467.0,262131,262139,,,,,
sc40_orig,False,4,-518.0,-980.0,462.0,262131,262139,,,,,
sc40_orig,False,5,-373.25,-783.5,410.25,262133,262141,,,,,
sc40_orig,False,6,-280.0,-580.5,300.5,262132,262141,,,,,
sc40_orig,False,7,-208.375,-404.5,196.125,262131,262140,,,,,
sc40_orig,False,8,-224.0,-441.25,217.25,262131,262140,,,,,
sc40_orig,False,9,-170.125,-348.25,178.125,262129,262140,,,,,
sc40_orig,False,10,-139.875,-272.25,132.375,262127,262140,,,,,
sc40_orig,False,11,-121.75,-221.25,99.5,262129,262139,,,,,
sc40_orig,False,12,-158.0,-260.25,102.25,262128,262138,,,,,
sc40_orig,False,13,-157.125,-257.5,100.375,262129,262138,,,,,
sc40_orig,False,14,-157.625,-251.5,93.875,262129,262137,,,,,
sc40_orig,False,15,-135.5,-183.375,47.875,262130,262137,,,,,
sc40_orig,False,16,-127.875,-161.0,33.125,262130,262137,,,,,
sc40_orig,False,17,-114.125,-116.0,1.875,262133,262134,,,,,
sc40_orig,False,18,-112.375,-115.5,3.125,262133,262134,,,,,
sc40_orig,False,19,-109.3125,-115.8125,6.5,262133,262136,,,,,
sc40_orig,False,20,-96.4375,-98.5625,2.125,262133,262134,,,,,
sc40_orig,False,21,-93.25,-97.6875,4.4375,262131,262134,,,,,
sc40_orig,False,22,-95.4375,-98.5,3.0625,262133,262135,,,,,
sc40_orig,False,23,-92.8125,-99.25,6.4375,262134,262135,,,,,
sc40_orig,False,24,-95.5,-110.0,14.5,262133,262137,,,,,
sc40_orig,False,25,-92.9375,-113.5,20.5625,262133,262136,,,,,
sc40_orig,False,26,-88.125,-107.4375,19.3125,262134,262138,,,,,
sc40_orig,False,27,-68.25,-81.375,13.125,262133,262137,,,,,
sc40_orig,False,28,-83.5,-95.875,12.375,262135,262139,,,,,
sc40_orig,False,29,-53.53125,-39.3125,-14.21875,262009,257944,,,,,
sc40_orig,False,30,-45.90625,-27.203125,-18.703125,260595,180642,,,,,
sc40_orig,False,31,-31.4375,4.10546875,-35.54296875,211923,666,,,,,
sc40_orig,False,32,-23.171875,22.28125,-45.453125,108411,46,,,,,
sc40_orig,False,33,-16.921875,21.875,-38.796875,43549,55,,,,,
sc40_orig,False,34,-16.5,18.78125,-35.28125,40337,88,,,,,
sc40_orig,False,35,-8.1796875,21.984375,-30.1640625,6982,55,,,,,
sc40_orig,False,36,-9.78125,18.640625,-28.421875,15820,74,,,,,
sc40_orig,False,37,-16.6875,3.70703125,-20.39453125,78138,646,,,,,
sc40_orig,False,38,-21.203125,-8.5234375,-12.6796875,184431,31295,,,,,
sc40_orig,False,39,-16.09375,-22.5625,6.46875,227435,249918,,,,,
sc40_orig,False,40,-6.9296875,-16.296875,9.3671875,161987,238750,,,,,
sc40_orig,False,41,-0.935546875,3.466796875,-4.40234375,50490,17624,,,,,
sc40_orig,False,42,-6.1640625,8.3046875,-14.46875,84511,1501,,,,,
sc40_orig,False,43,-14.8515625,-2.19140625,-12.66015625,208429,36457,,,,,
sc40_orig,False,44,-14.375,6.390625,-20.765625,212633,2490,,,,,
sc40_orig,False,45,-16.59375,6.453125,-23.046875,234309,2757,,,,,
sc40_orig,False,46,-15.34375,2.873046875,-18.216796875,225664,11974,,,,,
sc40_orig,False,47,-13.46875,0.7587890625,-14.2275390625,208981,23511,,,,,
sc40_orig,False,48,-11.6171875,10.8359375,-22.453125,183146,398,,,,,
sc40_orig,False,49,-3.03515625,31.5625,-34.59765625,49899,6,,,,,
sc40_orig,False,50,-3.427734375,22.375,-25.802734375,51674,17,,,,,
sc40_orig,False,51,7.11328125,17.625,-10.51171875,2449,48,,,,,
sc40_orig,False,52,2.861328125,-5.5078125,8.369140625,21369,102654,,,,,
sc40_orig,False,53,1.9931640625,-32.8125,34.8056640625,17195,262105,,,,,
sc40_orig,False,54,-6.78125,-52.5,45.71875,116740,262142,,,,,
sc40_orig,False,55,-9.4296875,-45.71875,36.2890625,196243,262141,,,,,
sc40_orig,False,56,-21.125,-111.3125,90.1875,261346,262143,,,,,
sc40_orig,False,57,-37.4375,-164.25,126.8125,262142,262143,,,,,
sc40_orig,False,58,-8.1171875,-25.84375,17.7265625,248212,262129,,,,,
sc40_orig,False,59,-1.177734375,39.5,-40.677734375,8018,0,,,,,
sc40_swap,True,0,-265.75,-216.375,-49.375,262133,262127,,,,,
sc40_swap,True,1,-608.5,-1025.0,416.5,262131,262138,,,,,
sc40_swap,True,2,-587.0,-994.0,407.0,262131,262138,,,,,
sc40_swap,True,3,-524.0,-996.0,472.0,262131,262139,,,,,
sc40_swap,True,4,-514.5,-983.0,468.5,262131,262139,,,,,
sc40_swap,True,5,-370.0,-784.0,414.0,262133,262141,,,,,
sc40_swap,True,6,-278.25,-581.0,302.75,262132,262141,,,,,
sc40_swap,True,7,-205.25,-401.75,196.5,262131,262140,,,,,
sc40_swap,True,8,-220.625,-438.0,217.375,262131,262140,,,,,
sc40_swap,True,9,-167.25,-345.75,178.5,262128,262140,,,,,
sc40_swap,True,10,-137.0,-269.5,132.5,262127,262140,,,,,
sc40_swap,True,11,-119.625,-219.75,100.125,262129,262139,,,,,
sc40_swap,True,12,-155.875,-258.25,102.375,262128,262138,,,,,
sc40_swap,True,13,-155.0,-255.5,100.5,262129,262138,,,,,
sc40_swap,True,14,-155.5,-249.5,94.0,262129,262137,,,,,
sc40_swap,True,15,-134.0,-181.625,47.625,262130,262137,,,,,
sc40_swap,True,16,-126.25,-158.75,32.5,262130,262137,,,,,
sc40_swap,True,17,-112.75,-113.3125,0.5625,262133,262134,,,,,
sc40_swap,True,18,-111.3125,-113.0,1.6875,262133,262134,,,,,
sc40_swap,True,19,-108.375,-114.0,5.625,262133,262136,,,,,
sc40_swap,True,20,-95.6875,-97.1875,1.5,262133,262134,,,,,
sc40_swap,True,21,-91.875,-96.1875,4.3125,262131,262135,,,,,
sc40_swap,True,22,-94.0,-97.125,3.125,262133,262136,,,,,
sc40_swap,True,23,-91.875,-98.6875,6.8125,262134,262135,,,,,
sc40_swap,True,24,-94.6875,-109.9375,15.25,262133,262137,,,,,
sc40_swap,True,25,-92.0,-114.0,22.0,262133,262136,,,,,
sc40_swap,True,26,-87.125,-109.1875,22.0625,262134,262138,,,,,
sc40_swap,True,27,-66.625,-81.125,14.5,262133,262137,,,,,
sc40_swap,True,28,-83.3125,-95.5625,12.25,262135,262139,,,,,
sc40_swap,True,29,-53.9375,-38.28125,-15.65625,262020,256680,,,,,
sc40_swap,True,30,-46.40625,-26.75,-19.65625,260620,174001,,,,,
sc40_swap,True,31,-30.921875,4.94140625,-35.86328125,205747,577,,,,,
sc40_swap,True,32,-22.28125,25.46875,-47.75,95911,36,,,,,
sc40_swap,True,33,-16.0625,24.9375,-41.0,37163,39,,,,,
sc40_swap,True,34,-16.265625,20.890625,-37.15625,38034,68,,,,,
sc40_swap,True,35,-8.8359375,20.84375,-29.6796875,8108,62,,,,,
sc40_swap,True,36,-8.765625,19.0625,-27.828125,12533,75,,,,,
sc40_swap,True,37,-14.9375,6.26171875,-21.19921875,58753,379,,,,,
sc40_swap,True,38,-19.234375,-6.62109375,-12.61328125,159946,20431,,,,,
sc40_swap,True,39,-9.1640625,-12.0859375,2.921875,144762,182920,,,,,
sc40_swap,True,40,-1.9541015625,-12.0546875,10.1005859375,84092,211129,,,,,
sc40_swap,True,41,2.3671875,6.6171875,-4.25,19120,5276,,,,,
sc40_swap,True,42,-3.552734375,9.0625,-12.615234375,45639,865,,,,,
sc40_swap,True,43,-12.0546875,-3.9765625,-8.078125,171364,48928,,,,,
sc40_swap,True,44,-13.3671875,-1.3740234375,-11.9931640625,205059,31268,,,,,
sc40_swap,True,45,-14.0390625,8.890625,-22.9296875,217615,832,,,,,
sc40_swap,True,46,-9.5,13.2421875,-22.7421875,159887,182,,,,,
sc40_swap,True,47,-10.390625,10.5546875,-20.9453125,173144,611,,,,,
sc40_swap,True,48,-3.771484375,21.578125,-25.349609375,59705,9,,,,,
sc40_swap,True,49,-3.666015625,23.96875,-27.634765625,52032,8,,,,,
sc40_swap,True,50,-1.4248046875,19.9375,-21.3623046875,27051,17,,,,,
sc40_swap,True,51,6.203125,21.6875,-15.484375,1939,15,,,,,
sc40_swap,True,52,1.24609375,16.703125,-15.45703125,26575,169,,,,,
sc40_swap,True,53,7.609375,13.8046875,-6.1953125,1662,151,,,,,
sc40_swap,True,54,4.36328125,16.5,-12.13671875,6357,82,,,,,
sc40_swap,True,55,-0.412841796875,18.0,-18.412841796875,54927,106,,,,,
sc40_swap,True,56,-10.296875,-10.7421875,0.4453125,228908,232412,,,,,
sc40_swap,True,57,-4.57421875,-13.53125,8.95703125,189388,253289,,,,,
sc40_swap,True,58,37.75,17.3125,20.4375,12,2801,,,,,
sc40_swap,True,59,35.90625,4.23046875,31.67578125,0,113,,,,,
sc50_orig,False,0,-270.25,-218.0,-52.25,262133,262127,,,,,
sc50_orig,False,1,-613.0,-1022.5,409.5,262131,262138,,,,,
sc50_orig,False,2,-591.0,-992.5,401.5,262131,262138,,,,,
sc50_orig,False,3,-527.5,-994.5,467.0,262131,262139,,,,,
sc50_orig,False,4,-518.0,-980.0,462.0,262131,262139,,,,,
sc50_orig,False,5,-373.25,-783.0,409.75,262133,262141,,,,,
sc50_orig,False,6,-279.75,-579.5,299.75,262132,262141,,,,,
sc50_orig,False,7,-208.375,-404.5,196.125,262131,262140,,,,,
sc50_orig,False,8,-224.25,-441.5,217.25,262131,262140,,,,,
sc50_orig,False,9,-170.25,-348.25,178.0,262129,262140,,,,,
sc50_orig,False,10,-140.0,-272.25,132.25,262127,262140,,,,,
sc50_orig,False,11,-121.8125,-221.125,99.3125,262129,262139,,,,,
sc50_orig,False,12,-158.125,-260.5,102.375,262128,262138,,,,,
sc50_orig,False,13,-157.25,-257.5,100.25,262128,262138,,,,,
sc50_orig,False,14,-157.75,-251.375,93.625,262129,262137,,,,,
sc50_orig,False,15,-135.5,-183.125,47.625,262130,262137,,,,,
sc50_orig,False,16,-127.875,-160.875,33.0,262130,262137,,,,,
sc50_orig,False,17,-114.125,-115.8125,1.6875,262133,262134,,,,,
sc50_orig,False,18,-112.4375,-115.3125,2.875,262133,262134,,,,,
sc50_orig,False,19,-109.25,-115.5,6.25,262133,262136,,,,,
sc50_orig,False,20,-96.4375,-98.375,1.9375,262133,262134,,,,,
sc50_orig,False,21,-93.1875,-97.4375,4.25,262131,262134,,,,,
sc50_orig,False,22,-95.4375,-98.4375,3.0,262133,262135,,,,,
sc50_orig,False,23,-92.875,-99.25,6.375,262134,262135,,,,,
sc50_orig,False,24,-95.5625,-110.0,14.4375,262133,262137,,,,,
sc50_orig,False,25,-93.0625,-113.6875,20.625,262133,262136,,,,,
sc50_orig,False,26,-88.25,-107.625,19.375,262134,262138,,,,,
sc50_orig,False,27,-68.25,-81.3125,13.0625,262133,262137,,,,,
sc50_orig,False,28,-83.375,-95.6875,12.3125,262135,262139,,,,,
sc50_orig,False,29,-53.4375,-39.15625,-14.28125,262009,257820,,,,,
sc50_orig,False,30,-45.875,-27.265625,-18.609375,260585,181224,,,,,
sc50_orig,False,31,-31.4375,4.0078125,-35.4453125,211845,682,,,,,
sc50_orig,False,32,-23.28125,21.96875,-45.25,109689,48,,,,,
sc50_orig,False,33,-16.875,21.890625,-38.765625,42852,55,,,,,
sc50_orig,False,34,-16.625,18.578125,-35.203125,40914,88,,,,,
sc50_orig,False,35,-8.265625,21.875,-30.140625,7118,55,,,,,
sc50_orig,False,36,-9.890625,18.59375,-28.484375,16280,73,,,,,
sc50_orig,False,37,-16.5625,3.958984375,-20.521484375,76651,612,,,,,
sc50_orig,False,38,-21.203125,-8.4921875,-12.7109375,183801,30770,,,,,
sc50_orig,False,39,-15.6640625,-21.828125,6.1640625,223767,248441,,,,,
sc50_orig,False,40,-7.0234375,-16.453125,9.4296875,161336,238853,,,,,
sc50_orig,False,41,-1.103515625,3.427734375,-4.53125,51102,17256,,,,,
sc50_orig,False,42,-6.4453125,8.1015625,-14.546875,87354,1572,,,,,
sc50_orig,False,43,-15.0078125,-2.4609375,-12.546875,209371,38094,,,,,
sc50_orig,False,44,-14.53125,6.1171875,-20.6484375,213625,2673,,,,,
sc50_orig,False,45,-16.828125,6.4296875,-23.2578125,235601,2730,,,,,
sc50_orig,False,46,-15.3984375,3.27734375,-18.67578125,225949,10355,,,,,
sc50_orig,False,47,-13.421875,0.85009765625,-14.27197265625,208251,22687,,,,,
sc50_orig,False,48,-11.515625,11.140625,-22.65625,180950,335,,,,,
sc50_orig,False,49,-2.927734375,31.21875,-34.146484375,48843,6,,,,,
sc50_orig,False,50,-3.55078125,21.40625,-24.95703125,53571,20,,,,,
sc50_orig,False,51,7.53125,17.3125,-9.78125,2084,48,,,,,
sc50_orig,False,52,3.25,-5.86328125,9.11328125,19372,107440,,,,,
sc50_orig,False,53,2.421875,-32.5625,34.984375,15342,262104,,,,,
sc50_orig,False,54,-6.83984375,-52.65625,45.81640625,118950,262142,,,,,
sc50_orig,False,55,-9.5390625,-46.40625,36.8671875,198559,262141,,,,,
sc50_orig,False,56,-21.453125,-113.1875,91.734375,261464,262143,,,,,
sc50_orig,False,57,-37.4375,-165.125,127.6875,262142,262143,,,,,
sc50_orig,False,58,-7.3671875,-26.859375,19.4921875,244673,262136,,,,,
sc50_orig,False,59,-0.8984375,39.875,-40.7734375,6433,0,,,,,
sc50_swap,True,0,-265.75,-217.0,-48.75,262133,262127,,,,,
sc50_swap,True,1,-608.5,-1023.0,414.5,262131,262138,,,,,
sc50_swap,True,2,-586.5,-992.0,405.5,262131,262138,,,,,
sc50_swap,True,3,-523.5,-994.5,471.0,262131,262139,,,,,
sc50_swap,True,4,-514.5,-981.0,466.5,262131,262139,,,,,
sc50_swap,True,5,-370.0,-783.0,413.0,262133,262141,,,,,
sc50_swap,True,6,-278.25,-580.0,301.75,262132,262141,,,,,
sc50_swap,True,7,-205.25,-401.5,196.25,262131,262140,,,,,
sc50_swap,True,8,-220.375,-437.0,216.625,262131,262140,,,,,
sc50_swap,True,9,-167.25,-345.5,178.25,262128,262140,,,,,
sc50_swap,True,10,-137.0,-269.0,132.0,262127,262140,,,,,
sc50_swap,True,11,-119.5,-219.25,99.75,262129,262139,,,,,
sc50_swap,True,12,-155.75,-257.5,101.75,262128,262138,,,,,
sc50_swap,True,13,-154.875,-254.75,99.875,262129,262138,,,,,
sc50_swap,True,14,-155.5,-248.75,93.25,262130,262137,,,,,
sc50_swap,True,15,-133.875,-180.875,47.0,262130,262137,,,,,
sc50_swap,True,16,-126.125,-158.25,32.125,262130,262137,,,,,
sc50_swap,True,17,-112.6875,-112.8125,0.125,262133,262134,,,,,
sc50_swap,True,18,-111.25,-112.5625,1.3125,262133,262134,,,,,
sc50_swap,True,19,-108.3125,-113.5625,5.25,262133,262136,,,,,
sc50_swap,True,20,-95.5625,-96.875,1.3125,262133,262134,,,,,
sc50_swap,True,21,-91.8125,-95.875,4.0625,262131,262135,,,,,
sc50_swap,True,22,-94.0,-97.0,3.0,262133,262136,,,,,
sc50_swap,True,23,-91.8125,-98.5,6.6875,262134,262135,,,,,
sc50_swap,True,24,-94.625,-109.6875,15.0625,262133,262137,,,,,
sc50_swap,True,25,-92.0,-113.875,21.875,262133,262136,,,,,
sc50_swap,True,26,-87.1875,-109.1875,22.0,262134,262138,,,,,
sc50_swap,True,27,-66.5625,-80.8125,14.25,262133,262137,,,,,
sc50_swap,True,28,-83.3125,-95.5625,12.25,262135,262139,,,,,
sc50_swap,True,29,-53.96875,-38.28125,-15.6875,262024,256712,,,,,
sc50_swap,True,30,-46.46875,-27.0,-19.46875,260649,176350,,,,,
sc50_swap,True,31,-31.0625,4.61328125,-35.67578125,206917,617,,,,,
sc50_swap,True,32,-22.40625,25.203125,-47.609375,97164,37,,,,,
sc50_swap,True,33,-16.140625,24.8125,-40.953125,37597,40,,,,,
sc50_swap,True,34,-16.359375,20.734375,-37.09375,38638,69,,,,,
sc50_swap,True,35,-9.0234375,20.703125,-29.7265625,8485,62,,,,,
sc50_swap,True,36,-8.875,19.0,-27.875,12905,76,,,,,
sc50_swap,True,37,-14.7421875,6.421875,-21.1640625,56669,370,,,,,
sc50_swap,True,38,-19.1875,-6.96875,-12.21875,159150,22112,,,,,
sc50_swap,True,39,-9.03125,-12.2109375,3.1796875,141421,183191,,,,,
sc50_swap,True,40,-1.9375,-13.2734375,11.3359375,82325,219846,,,,,
sc50_swap,True,41,2.896484375,6.734375,-3.837890625,16023,4937,,,,,
sc50_swap,True,42,-3.20703125,9.1484375,-12.35546875,41374,817,,,,,
sc50_swap,True,43,-11.578125,-3.935546875,-7.642578125,163343,47797,,,,,
sc50_swap,True,44,-12.8359375,-1.6103515625,-11.2255859375,197360,32255,,,,,
sc50_swap,True,45,-13.4453125,8.734375,-22.1796875,210387,868,,,,,
sc50_swap,True,46,-8.953125,13.3125,-22.265625,149691,176,,,,,
sc50_swap,True,47,-9.46875,11.6171875,-21.0859375,157733,373,,,,,
sc50_swap,True,48,-2.9765625,22.546875,-25.5234375,48717,8,,,,,
sc50_swap,True,49,-2.630859375,25.375,-28.005859375,39388,8,,,,,
sc50_swap,True,50,-0.67041015625,21.28125,-21.95166015625,20832,16,,,,,
sc50_swap,True,51,7.625,23.296875,-15.671875,1089,14,,,,,
sc50_swap,True,52,2.6171875,18.4375,-15.8203125,18741,89,,,,,
sc50_swap,True,53,8.8515625,15.1875,-6.3359375,989,105,,,,,
sc50_swap,True,54,5.51953125,17.65625,-12.13671875,4140,64,,,,,
sc50_swap,True,55,-0.2266845703125,16.8125,-17.0391845703125,53305,152,,,,,
sc50_swap,True,56,-10.1171875,-12.234375,2.1171875,227858,242481,,,,,
sc50_swap,True,57,-3.953125,-14.734375,10.78125,180694,255990,,,,,
sc50_swap,True,58,38.3125,16.984375,21.328125,11,3047,,,,,
sc50_swap,True,59,36.96875,4.7265625,32.2421875,0,81,,,,,
sc70_orig,False,0,-270.5,-217.75,-52.75,262133,262127,,,,,
sc70_orig,False,1,-613.0,-1022.5,409.5,262131,262138,,,,,
sc70_orig,False,2,-591.0,-992.0,401.0,262131,262138,,,,,
sc70_orig,False,3,-527.5,-994.5,467.0,262131,262139,,,,,
sc70_orig,False,4,-518.0,-980.5,462.5,262131,262139,,,,,
sc70_orig,False,5,-373.5,-784.0,410.5,262133,262141,,,,,
sc70_orig,False,6,-280.0,-580.0,300.0,262132,262141,,,,,
sc70_orig,False,7,-208.5,-404.75,196.25,262131,262140,,,,,
sc70_orig,False,8,-224.25,-441.75,217.5,262131,262140,,,,,
sc70_orig,False,9,-170.375,-348.75,178.375,262129,262140,,,,,
sc70_orig,False,10,-140.0,-272.5,132.5,262127,262140,,,,,
sc70_orig,False,11,-121.8125,-221.375,99.5625,262129,262139,,,,,
sc70_orig,False,12,-158.125,-260.75,102.625,262128,262138,,,,,
sc70_orig,False,13,-157.125,-257.75,100.625,262128,262138,,,,,
sc70_orig,False,14,-157.75,-251.75,94.0,262129,262137,,,,,
sc70_orig,False,15,-135.625,-183.5,47.875,262130,262137,,,,,
sc70_orig,False,16,-127.9375,-161.125,33.1875,262130,262137,,,,,
sc70_orig,False,17,-114.1875,-116.0,1.8125,262133,262134,,,,,
sc70_orig,False,18,-112.375,-115.375,3.0,262133,262134,,,,,
sc70_orig,False,19,-109.25,-115.5625,6.3125,262133,262136,,,,,
sc70_orig,False,20,-96.4375,-98.375,1.9375,262133,262134,,,,,
sc70_orig,False,21,-93.125,-97.4375,4.3125,262131,262134,,,,,
sc70_orig,False,22,-95.4375,-98.4375,3.0,262133,262135,,,,,
sc70_orig,False,23,-92.9375,-99.3125,6.375,262134,262135,,,,,
sc70_orig,False,24,-95.625,-110.1875,14.5625,262133,262137,,,,,
sc70_orig,False,25,-93.0625,-113.625,20.5625,262133,262136,,,,,
sc70_orig,False,26,-88.1875,-107.5,19.3125,262134,262138,,,,,
sc70_orig,False,27,-68.375,-81.4375,13.0625,262133,262137,,,,,
sc70_orig,False,28,-83.6875,-95.875,12.1875,262135,262139,,,,,
sc70_orig,False,29,-53.6875,-39.90625,-13.78125,262013,258475,,,,,
sc70_orig,False,30,-46.09375,-27.75,-18.34375,260631,185319,,,,,
sc70_orig,False,31,-31.640625,3.701171875,-35.341796875,213384,730,,,,,
sc70_orig,False,32,-23.296875,22.140625,-45.4375,109751,48,,,,,
sc70_orig,False,33,-17.296875,21.671875,-38.96875,45874,55,,,,,
sc70_orig,False,34,-16.828125,18.375,-35.203125,42677,89,,,,,
sc70_orig,False,35,-8.1796875,22.140625,-30.3203125,6965,53,,,,,
sc70_orig,False,36,-10.0,18.328125,-28.328125,16820,76,,,,,
sc70_orig,False,37,-17.40625,2.05078125,-19.45703125,88130,925,,,,,
sc70_orig,False,38,-21.8125,-9.8984375,-11.9140625,192208,42485,,,,,
sc70_orig,False,39,-17.046875,-24.21875,7.171875,233351,259077,,,,,
sc70_orig,False,40,-7.68359375,-17.734375,10.05078125,173135,244220,,,,,
sc70_orig,False,41,-1.8564453125,1.6474609375,-3.50390625,62437,29516,,,,,
sc70_orig,False,42,-7.05859375,6.86328125,-13.921875,99175,2702,,,,,
sc70_orig,False,43,-15.6953125,-3.384765625,-12.310546875,217623,49936,,,,,
sc70_orig,False,44,-14.8046875,6.03515625,-20.83984375,217247,2979,,,,,
sc70_orig,False,45,-17.078125,5.4609375,-22.5390625,237339,4186,,,,,
sc70_orig,False,46,-15.96875,1.7265625,-17.6953125,230784,17772,,,,,
sc70_orig,False,47,-13.875,0.216064453125,-14.091064453125,214082,28131,,,,,
sc70_orig,False,48,-11.9765625,10.1015625,-22.078125,189247,572,,,,,
sc70_orig,False,49,-3.248046875,31.375,-34.623046875,53227,6,,,,,
sc70_orig,False,50,-3.28515625,22.921875,-26.20703125,50428,17,,,,,
sc70_orig,False,51,7.0234375,17.6875,-10.6640625,2686,46,,,,,
sc70_orig,False,52,3.119140625,-4.8828125,8.001953125,20833,96297,,,,,
sc70_orig,False,53,2.10546875,-31.484375,33.58984375,17044,262054,,,,,
sc70_orig,False,54,-6.92578125,-51.34375,44.41796875,118459,262142,,,,,
sc70_orig,False,55,-10.0703125,-45.75,35.6796875,203983,262141,,,,,
sc70_orig,False,56,-20.84375,-109.625,88.78125,261222,262143,,,,,
sc70_orig,False,57,-37.28125,-161.75,124.46875,262142,262143,,,,,
sc70_orig,False,58,-8.6484375,-26.4375,17.7890625,249818,262133,,,,,
sc70_orig,False,59,-1.5166015625,39.25,-40.7666015625,10799,0,,,,,
sc70_swap,True,0,-266.0,-216.375,-49.625,262133,262127,,,,,
sc70_swap,True,1,-608.5,-1024.0,415.5,262131,262138,,,,,
sc70_swap,True,2,-587.0,-994.0,407.0,262131,262138,,,,,
sc70_swap,True,3,-524.0,-996.5,472.5,262131,262139,,,,,
sc70_swap,True,4,-515.0,-983.0,468.0,262131,262139,,,,,
sc70_swap,True,5,-370.25,-785.0,414.75,262133,262141,,,,,
sc70_swap,True,6,-278.25,-581.0,302.75,262132,262141,,,,,
sc70_swap,True,7,-205.25,-401.5,196.25,262131,262140,,,,,
sc70_swap,True,8,-220.625,-437.5,216.875,262131,262140,,,,,
sc70_swap,True,9,-167.375,-346.0,178.625,262128,262140,,,,,
sc70_swap,True,10,-137.125,-269.5,132.375,262127,262140,,,,,
sc70_swap,True,11,-119.75,-219.875,100.125,262129,262139,,,,,
sc70_swap,True,12,-156.0,-258.5,102.5,262128,262138,,,,,
sc70_swap,True,13,-155.125,-255.375,100.25,262129,262138,,,,,
sc70_swap,True,14,-155.75,-249.625,93.875,262129,262137,,,,,
sc70_swap,True,15,-134.125,-181.625,47.5,262130,262137,,,,,
sc70_swap,True,16,-126.4375,-159.0,32.5625,262130,262137,,,,,
sc70_swap,True,17,-112.875,-113.3125,0.4375,262133,262134,,,,,
sc70_swap,True,18,-111.4375,-113.0,1.5625,262133,262134,,,,,
sc70_swap,True,19,-108.5,-114.0,5.5,262133,262136,,,,,
sc70_swap,True,20,-95.6875,-97.125,1.4375,262133,262134,,,,,
sc70_swap,True,21,-91.8125,-96.0,4.1875,262131,262135,,,,,
sc70_swap,True,22,-94.0,-97.0,3.0,262133,262136,,,,,
sc70_swap,True,23,-91.75,-98.5625,6.8125,262134,262135,,,,,
sc70_swap,True,24,-94.6875,-109.875,15.1875,262133,262137,,,,,
sc70_swap,True,25,-92.0,-113.9375,21.9375,262133,262136,,,,,
sc70_swap,True,26,-87.125,-109.0625,21.9375,262134,262138,,,,,
sc70_swap,True,27,-66.625,-80.625,14.0,262133,262137,,,,,
sc70_swap,True,28,-83.6875,-95.9375,12.25,262135,262139,,,,,
sc70_swap,True,29,-54.09375,-38.75,-15.34375,262023,257162,,,,,
sc70_swap,True,30,-46.65625,-27.359375,-19.296875,260673,178928,,,,,
sc70_swap,True,31,-31.265625,4.3203125,-35.5859375,207999,670,,,,,
sc70_swap,True,32,-22.546875,25.09375,-47.640625,98232,37,,,,,
sc70_swap,True,33,-16.390625,24.625,-41.015625,39376,41,,,,,
sc70_swap,True,34,-16.453125,20.78125,-37.234375,39492,68,,,,,
sc70_swap,True,35,-8.7734375,21.203125,-29.9765625,7984,60,,,,,
sc70_swap,True,36,-8.9765625,19.109375,-28.0859375,13233,73,,,,,
sc70_swap,True,37,-15.6328125,5.40234375,-21.03515625,66936,454,,,,,
sc70_swap,True,38,-19.90625,-7.55859375,-12.34765625,170241,25963,,,,,
sc70_swap,True,39,-10.46875,-13.8359375,3.3671875,165992,204770,,,,,
sc70_swap,True,40,-3.97265625,-14.1015625,10.12890625,115946,227595,,,,,
sc70_swap,True,41,0.1978759765625,2.83203125,-2.6341552734375,36308,18456,,,,,
sc70_swap,True,42,-5.48828125,6.95703125,-12.4453125,72099,2086,,,,,
sc70_swap,True,43,-13.875,-4.92578125,-8.94921875,198084,63108,,,,,
sc70_swap,True,44,-14.578125,-0.468994140625,-14.109130859375,218905,25674,,,,,
sc70_swap,True,45,-15.28125,8.875,-24.15625,228627,900,,,,,
sc70_swap,True,46,-11.1875,12.8046875,-23.9921875,185992,239,,,,,
sc70_swap,True,47,-12.6640625,9.3828125,-22.046875,204023,1084,,,,,
sc70_swap,True,48,-5.75390625,20.875,-26.62890625,90745,11,,,,,
sc70_swap,True,49,-5.546875,23.125,-28.671875,79964,9,,,,,
sc70_swap,True,50,-3.099609375,18.90625,-22.005859375,44675,21,,,,,
sc70_swap,True,51,2.9921875,21.78125,-18.7890625,6217,16,,,,,
sc70_swap,True,52,-0.9609375,17.359375,-18.3203125,41872,125,,,,,
sc70_swap,True,53,4.8046875,13.8671875,-9.0625,4553,147,,,,,
sc70_swap,True,54,1.2958984375,15.5,-14.2041015625,17622,110,,,,,
sc70_swap,True,55,-1.748046875,21.65625,-23.404296875,71550,30,,,,,
sc70_swap,True,56,-11.03125,-5.96875,-5.0625,233161,171817,,,,,
sc70_swap,True,57,-5.72265625,-9.1484375,3.42578125,201760,232615,,,,,
sc70_swap,True,58,36.5,17.1875,19.3125,15,3086,,,,,
sc70_swap,True,59,33.96875,3.525390625,30.443359375,0,158,,,,,
